{
    "ACH_debit": [
        -20.614513397216797,
        -38.994022369384766,
        96.58071899414062
    ],
    "ATM_debit_card": [
        -86.4123306274414,
        -61.36610412597656,
        222.14962768554688
    ],
    "CREDIT": [
        -181.47486877441406,
        -83.50147247314453,
        85.29371643066406
    ],
    "Credit": [
        -15.330277442932129,
        -92.64733123779297,
        177.20130920410156
    ],
    "Direct": [
        94.66197204589844,
        -62.19472122192383,
        108.15450286865234
    ],
    "Early": [
        71.15835571289062,
        199.73580932617188,
        19.440324783325195
    ],
    "Earn_Rs.2": [
        87.55657196044922,
        63.63937759399414,
        82.24005126953125
    ],
    "FICA_withholding": [
        -34.1948356628418,
        -9.060035705566406,
        -11.79500675201416
    ],
    "Financial": [
        3.484140634536743,
        -180.35891723632812,
        -89.3106918334961
    ],
    "GALESBURG_Usually": [
        37.56169128417969,
        72.64888000488281,
        -73.8691635131836
    ],
    "GPC_Biotech_Annual_Report": [
        72.27238464355469,
        127.960205078125,
        52.55948257446289
    ],
    "Global": [
        109.89653778076172,
        -164.9390106201172,
        -90.58807373046875
    ],
    "LOCAL_CALENDAR_appears": [
        -0.45889782905578613,
        33.999366760253906,
        -45.15283203125
    ],
    "Late": [
        81.67009735107422,
        -24.523696899414062,
        -209.23170471191406
    ],
    "PULSE_ATM": [
        -10.049173355102539,
        -0.5193882584571838,
        45.89604187011719
    ],
    "Pay": [
        -73.20964813232422,
        158.70684814453125,
        139.25987243652344
    ],
    "Paying": [
        -121.56576538085938,
        36.15275192260742,
        23.45037841796875
    ],
    "Payroll": [
        -178.18109130859375,
        31.84023666381836,
        -17.740453720092773
    ],
    "VISA_Mastercard": [
        -28.60953140258789,
        77.333984375,
        159.1070556640625
    ],
    "Visa_debit_card": [
        -165.99269104003906,
        -1.3678995370864868,
        164.2599639892578
    ],
    "Wisely": [
        203.02947998046875,
        67.86506652832031,
        107.91337585449219
    ],
    "acting_antiviral_DAA": [
        -47.570945739746094,
        85.29576110839844,
        67.93694305419922
    ],
    "aglobal": [
        30.176511764526367,
        -24.75025177001953,
        -17.973827362060547
    ],
    "andfinancial": [
        -9.987381935119629,
        -81.28632354736328,
        -18.623645782470703
    ],
    "banking": [
        23.429689407348633,
        -109.096435546875,
        83.29979705810547
    ],
    "before": [
        133.2744140625,
        -4.521824359893799,
        44.301307678222656
    ],
    "bi_weekly": [
        3.854487180709839,
        -57.99953842163086,
        -165.75686645507812
    ],
    "bookkeeping": [
        -176.47332763671875,
        -99.65448760986328,
        -57.905487060546875
    ],
    "borrowers": [
        6.851094722747803,
        -225.36465454101562,
        0.08068600296974182
    ],
    "compromised_LaVera": [
        19.62104606628418,
        111.61571502685547,
        94.7420425415039
    ],
    "consumer_D2C": [
        50.87773513793945,
        52.795005798339844,
        25.66213035583496
    ],
    "credit card": [
        -88.6458740234375,
        48.31306457519531,
        208.08853149414062
    ],
    "daily pay": [
        -100.89247131347656,
        192.07325744628906,
        1.4127676486968994
    ],
    "debit card": [
        -27.012208938598633,
        -5.243672847747803,
        170.93138122558594
    ],
    "debit_card": [
        -123.53666687011719,
        -60.80411148071289,
        161.74264526367188
    ],
    "debit_cards": [
        -97.4652099609375,
        -20.16564178466797,
        149.7012939453125
    ],
    "debt": [
        -135.15359497070312,
        -141.91824340820312,
        30.9570255279541
    ],
    "direct deposit": [
        -149.1480712890625,
        112.180908203125,
        73.5949935913086
    ],
    "directly": [
        154.5340576171875,
        159.88491821289062,
        48.72571563720703
    ],
    "ealy": [
        -19.7155818939209,
        150.03982543945312,
        49.587646484375
    ],
    "earliest": [
        0.9799052476882935,
        233.23818969726562,
        40.646244049072266
    ],
    "early pay": [
        -9.859134674072266,
        189.66293334960938,
        -14.627915382385254
    ],
    "eary": [
        38.73340606689453,
        123.57323455810547,
        -17.334819793701172
    ],
    "economic": [
        -40.78181457519531,
        -51.335208892822266,
        -84.60829162597656
    ],
    "everyday": [
        28.990087509155273,
        137.0363006591797,
        -137.48739624023438
    ],
    "fi_nancial": [
        -57.126136779785156,
        -120.2900619506836,
        -132.96446228027344
    ],
    "fiancial": [
        98.15506744384766,
        -50.84003448486328,
        -109.85955810546875
    ],
    "fin_ancial": [
        38.98017883300781,
        -71.20578002929688,
        32.46544647216797
    ],
    "finances": [
        -95.43218231201172,
        -108.44129943847656,
        -30.23943519592285
    ],
    "financial wellness": [
        -39.320682525634766,
        -133.22898864746094,
        -58.50312423706055
    ],
    "finanical": [
        -90.85969543457031,
        -171.9111328125,
        -76.01560974121094
    ],
    "foolishly": [
        -49.197574615478516,
        -25.951526641845703,
        -226.2051544189453
    ],
    "frivolously": [
        152.73794555664062,
        -19.832239151000977,
        197.04730224609375
    ],
    "glo_bal": [
        -4.398947715759277,
        66.507080078125,
        28.81740379333496
    ],
    "gloabl": [
        46.934852600097656,
        -33.09648895263672,
        151.96755981445312
    ],
    "global cash card": [
        100.00446319580078,
        -55.052249908447266,
        -22.620847702026367
    ],
    "globally": [
        144.10279846191406,
        -123.75593566894531,
        -15.841363906860352
    ],
    "gobal": [
        84.74445343017578,
        9.563126564025879,
        -7.590341091156006
    ],
    "hiring": [
        -25.572711944580078,
        69.16686248779297,
        -202.3653564453125
    ],
    "http://www.cnasurety.com": [
        -95.38552856445312,
        106.70679473876953,
        21.475154876708984
    ],
    "immediate": [
        118.52838134765625,
        169.3821563720703,
        -65.49007415771484
    ],
    "indirect": [
        21.212512969970703,
        48.564666748046875,
        118.00575256347656
    ],
    "injection_GDI": [
        55.58228302001953,
        -0.6005803346633911,
        73.87950897216797
    ],
    "international": [
        98.68053436279297,
        15.28622817993164,
        -76.03294372558594
    ],
    "judicious": [
        154.17916870117188,
        78.4259262084961,
        35.636566162109375
    ],
    "judiciously": [
        79.38290405273438,
        -112.32762145996094,
        -163.13345336914062
    ],
    "late": [
        -12.94420337677002,
        166.09188842773438,
        -66.8261489868164
    ],
    "lenders": [
        -0.9872315526008606,
        -206.3390655517578,
        52.92536926269531
    ],
    "lending": [
        31.785261154174805,
        -151.3795623779297,
        17.595054626464844
    ],
    "liquidity": [
        -88.5575180053711,
        -208.26907348632812,
        9.952790260314941
    ],
    "loan": [
        -43.705833435058594,
        -141.79457092285156,
        41.0732421875
    ],
    "loans": [
        -269.5509033203125,
        -67.09452056884766,
        9.370538711547852
    ],
    "mid": [
        36.58056640625,
        206.09825134277344,
        -57.1031608581543
    ],