{
    "ACH_debit": [
        [
            0.2442820532536017,
            0.16470436633877875,
            -0.3321319158307056
        ],
        "#FFFF00"
    ],
    "ATM_debit_card": [
        [
            0.4940385221385375,
            1.3331433968077857,
            -0.3504095582345303
        ],
        "#800080"
    ],
    "CREDIT": [
        [
            0.3034750041761091,
            1.0014435498449132,
            -1.039776573707323
        ],
        "#0000FF"
    ],
    "Credit": [
        [
            -0.23165498134554033,
            1.3775203389967692,
            -1.0260593089799535
        ],
        "#0000FF"
    ],
    "Direct": [
        [
            -0.22056448979482265,
            -0.3631985816807561,
            -0.232326861688493
        ],
        "#FFFF00"
    ],
    "Early": [
        [
            -0.11023651773593565,
            -0.9321521624235265,
            0.058458228881283325
        ],
        "#FFFF00"
    ],
    "Earn_Rs.2": [
        [
            0.07316039033574612,
            -0.3736342613357254,
            0.08948331137398924
        ],
        "#FFFF00"
    ],
    "FICA_withholding": [
        [
            -0.13543210887776147,
            -0.2395780197289707,
            0.19211706595951117
        ],
        "#FFFF00"
    ],
    "Financial": [
        [
            -0.0730194201161791,
            0.5948844465513875,
            -0.9471292434315952
        ],
        "#FFFF00"
    ],
    "GALESBURG_Usually": [
        [
            -0.03727412491444183,
            -0.5557347069029065,
            0.1099554860764865
        ],
        "#FFFF00"
    ],
    "GPC_Biotech_Annual_Report": [
        [
            0.18908730922183611,
            -0.38130338292635607,
            -0.25300379128938005
        ],
        "#FFFF00"
    ],
    "Global": [
        [
            -0.07432086890841925,
            -0.6747277042502673,
            -0.40520049280554443
        ],
        "#FFFF00"
    ],
    "LOCAL_CALENDAR_appears": [
        [
            -0.04990757414078926,
            -0.46104005830806527,
            0.04912577378679734
        ],
        "#FFFF00"
    ],
    "Late": [
        [
            0.0943831127758168,
            -0.746186197653076,
            0.1221665612199527
        ],
        "#FFFF00"
    ],
    "PULSE_ATM": [
        [
            0.2592689889056143,
            -0.16377802898339758,
            -0.2581609721895087
        ],
        "#FFFF00"
    ],
    "Pay": [
        [
            -0.13919081273541092,
            0.38467448123247017,
            1.1200938031883094
        ],
        "#800080"
    ],
    "Paying": [
        [
            0.06293195509077468,
            0.39066196407921444,
            1.3800284656004558
        ],
        "#800080"
    ],
    "Payroll": [
        [
            -0.09323563122878781,
            1.3522125863831727,
            0.3515280207194722
        ],
        "#800080"
    ],
    "VISA_Mastercard": [
        [
            0.18474347367186134,
            0.31848496471401255,
            -0.28371238111403563
        ],
        "#FFFF00"
    ],
    "Visa_debit_card": [
        [
            0.2929154633231368,
            1.3274051458102243,
            -0.11981190402619302
        ],
        "#800080"
    ],
    "Wisely": [
        [
            -0.4190256050905277,
            -0.7705909049506262,
            -0.19549871456495344
        ],
        "#FFFF00"
    ],
    "acting_antiviral_DAA": [
        [
            -0.023245457560170917,
            -0.43007059524900154,
            -0.2230779530533905
        ],
        "#FFFF00"
    ],
    "aglobal": [
        [
            -0.04280957118621431,
            -0.7091756739726355,
            -0.49458300584668113
        ],
        "#FFFF00"
    ],
    "andfinancial": [
        [
            -0.00555019347097724,
            -0.36613020225098336,
            -0.6107873762461024
        ],
        "#FFFF00"
    ],
    "banking": [
        [
            -0.17772300674257466,
            0.6769278659096923,
            -1.0362124544584486
        ],
        "#FFFF00"
    ],
    "before": [
        [
            -0.32584456477075535,
            -0.8000636486369982,
            0.05393392205413618
        ],
        "#FFFF00"
    ],
    "bi_weekly": [
        [
            -0.1456395968223751,
            -0.4718322266512016,
            0.6827528113959461
        ],
        "#FFFF00"
    ],
    "bookkeeping": [
        [
            -0.23115050748141142,
            0.8673877070608768,
            0.3791349666922181
        ],
        "#800080"
    ],
    "borrowers": [
        [
            -0.23629408145032754,
            1.7380755720680336,
            -1.1983334298308352
        ],
        "#0000FF"
    ],
    "compromised_LaVera": [
        [
            -0.026536558402040018,
            -0.5603263665263419,
            -0.21532817181828315
        ],
        "#FFFF00"
    ],
    "consumer_D2C": [
        [
            0.024582091266917006,
            -0.2705802037566831,
            -0.22155936423712277
        ],
        "#FFFF00"
    ],
    "credit card": [
        [
            -0.23619580282563538,
            1.1328327469019643,
            -0.9016485892057913
        ],
        "#0000FF"
    ],
    "daily pay": [
        [
            -0.21524979758934606,
            -0.8136873900818102,
            0.35208357922979094
        ],
        "#FFFF00"
    ],
    "debit card": [
        [
            2.0027199488351086,
            1.0792060706010278,
            -0.3249669055643519
        ],
        "#800080"
    ],
    "debit_card": [
        [
            0.0879345314447284,
            1.6725549237712072,
            -0.3761763389217579
        ],
        "#800080"
    ],
    "debit_cards": [
        [
            0.17624203607744088,
            1.641222825688143,
            -0.28172622867791713
        ],
        "#800080"
    ],
    "debt": [
        [
            -0.1604518787143491,
            1.1251854571140767,
            -0.7089790138113221
        ],
        "#0000FF"
    ],
    "direct deposit": [
        [
            -0.12527198478008986,
            -0.6873480403208277,
            -0.04103856774192207
        ],
        "#FFFF00"
    ],
    "directly": [
        [
            -0.07140161545964213,
            -0.72324511938666,
            -0.017010074603696246
        ],
        "#FFFF00"
    ],
    "ealy": [
        [
            -0.019875876098424155,
            -0.6901865491330054,
            0.026174972082224177
        ],
        "#FFFF00"
    ],
    "earliest": [
        [
            -0.05609742636707739,
            -0.9331002561195306,
            -0.09691289055034344
        ],
        "#FFFF00"
    ],
    "early pay": [
        [
            -0.2370501913796396,
            -0.8152200205040269,
            -0.054906322644612024
        ],
        "#FFFF00"
    ],
    "eary": [
        [
            -0.07767686669651946,
            -0.7173733626431454,
            -0.09105251835630261
        ],
        "#FFFF00"
    ],
    "economic": [
        [
            -0.35931669745347394,
            -0.05848601922691374,
            -0.5487765976746322
        ],
        "#FFFF00"
    ],
    "everyday": [
        [
            -0.34909935121218344,
            -0.5643241369916416,
            0.2554378043664276
        ],
        "#FFFF00"
    ],
    "fi_nancial": [
        [
            -0.18155416261716123,
            0.330805256121201,
            -0.958035098161445
        ],
        "#FFFF00"
    ],
    "fiancial": [
        [
            -0.09621494870998469,
            0.05838026205131166,
            -0.3546778578499916
        ],
        "#FFFF00"
    ],
    "fin_ancial": [
        [
            -0.06484771694336874,
            0.018147777073062768,
            -0.7136974416121685
        ],
        "#FFFF00"
    ],